Workbook

Sheet Raw_coffee_shipments
A1: Shipment_ID | B1: Farmer_ID | C1: FarmerID_Check | D1: Country | E1: Harvest_Year | F1: Harvest_Year Status | G1: Weight_kg | H1: Processing_Method | I1: Export_Date
A2: SHP00001 | B2: F0021 | C2: =IF(COUNTIF(Farmers!A:A,Raw_coffee_shipments!B2)=0,"Missing Data","OK") -> OK | D2: =VLOOKUP(B2,Farmers!$A$1:$B$51,2,FALSE) -> Ethiopia | E2: 2021 | F2: =IF(E2="","Unknown","Provided") -> Provided | G2: 1918.8 | H2: Honey | I2: 45047
A3: SHP00002 | B3: F0017 | C3: =IF(COUNTIF(Farmers!A:A,Raw_coffee_shipments!B3)=0,"Missing Data","OK") -> OK | D3: =VLOOKUP(B3,Farmers!$A$1:$B$51,2,FALSE) -> Unknown | E3: 2020 | F3: =IF(E3="","Unknown","Provided") -> Provided | G3: 1495.2 | H3: Washed / Wet | I3: 45047
A4: SHP00003 | B4: F0036 | C4: =IF(COUNTIF(Farmers!A:A,Raw_coffee_shipments!B4)=0,"Missing Data","OK") -> OK | D4: =VLOOKUP(B4,Farmers!$A$1:$B$51,2,FALSE) -> Unknown | E4: 2021 | F4: =IF(E4="","Unknown","Provided") -> Provided | G4: 1583.2 | H4: Natural / Dry | I4: 45092
A5: SHP00004 | B5: F0006 | C5: =IF(COUNTIF(Farmers!A:A,Raw_coffee_shipments!B5)=0,"Missing Data","OK") -> OK | D5: =VLOOKUP(B5,Farmers!$A$1:$B$51,2,FALSE) -> Colombia | E5: 2022 | F5: =IF(E5="","Unknown","Provided") -> Provided | G5: 904.2 | H5: Natural / Dry | I5: Unknown
A6: SHP00005 | B6: F0005 | C6: =IF(COUNTIF(Farmers!A:A,Raw_coffee_shipments!B6)=0,"Missing Data","OK") -> OK | D6: =VLOOKUP(B6,Farmers!$A$1:$B$51,2,FALSE) -> Colombia | E6: 2020 | F6: =IF(E6="","Unknown","Provided") -> Provided | G6: 273.9 | H6: Honey | I6: 45092
A7: SHP00006 | B7: F0031 | C7: =IF(COUNTIF(Farmers!A:A,Raw_coffee_shipments!B7)=0,"Missing Data","OK") -> OK | D7: =VLOOKUP(B7,Farmers!$A$1:$B$51,2,FALSE) -> Unknown | E7: 2020 | F7: =IF(E7="","Unknown","Provided") -> Provided | G7: 1124.0 | H7: Unknown | I7: 45092
A8: SHP00007 | B8: F0015 | C8: =IF(COUNTIF(Farmers!A:A,Raw_coffee_shipments!B8)=0,"Missing Data","OK") -> OK | D8: =VLOOKUP(B8,Farmers!$A$1:$B$51,2,FALSE) -> Brazil | E8: 2022 | F8: =IF(E8="","Unknown","Provided") -> Provided | G8: 517.5 | H8: Unknown | I8: 45047
A9: SHP00008 | B9: F0012 | C9: =IF(COUNTIF(Farmers!A:A,Raw_coffee_shipments!B9)=0,"Missing Data","OK") -> OK | D9: =VLOOKUP(B9,Farmers!$A$1:$B$51,2,FALSE) -> Ethiopia | E9: 2022 | F9: =IF(E9="","Unknown","Provided") -> Provided | G9: 1066.6 | H9: Honey | I9: 45047
A10: SHP00009 | B10: F0022 | C10: =IF(COUNTIF(Farmers!A:A,Raw_coffee_shipments!B10)=0,"Missing Data","OK") -> OK | D10: =VLOOKUP(B10,Farmers!$A$1:$B$51,2,FALSE) -> Ethiopia | E10: 2020 | F10: =IF(E10="","Unknown","Provided") -> Provided | G10: 130.5 | H10: Natural / Dry | I10: 45047
A11: SHP00010 | B11: F0034 | C11: =IF(COUNTIF(Farmers!A:A,Raw_coffee_shipments!B11)=0,"Missing Data","OK") -> OK | D11: =VLOOKUP(B11,Farmers!$A$1:$B$51,2,FALSE) -> Vietnam | E11: 2023 | F11: =IF(E11="","Unknown","Provided") -> Provided | G11: 1445.5 | H11: Unknown | I11: 45047
A12: SHP00011 | B12: F0007 | C12: =IF(COUNTIF(Farmers!A:A,Raw_coffee_shipments!B12)=0,"Missing Data","OK") -> OK | D12: =VLOOKUP(B12,Farmers!$A$1:$B$51,2,FALSE) -> Colombia | E12: 2020 | F12: =IF(E12="","Unknown","Provided") -> Provided | G12: 778.5 | H12: Honey | I12: 45047
A13: SHP00012 | B13: F0025 | C13: =IF(COUNTIF(Farmers!A:A,Raw_coffee_shipments!B13)=0,"Missing Data","OK") -> OK | D13: =VLOOKUP(B13,Farmers!$A$1:$B$51,2,FALSE) -> Colombia | E13: 2022 | F13: =IF(E13="","Unknown","Provided") -> Provided | G13: 247.3 | H13: Unknown | I13: 45047
A14: SHP00013 | B14: F0011 | C14: =IF(COUNTIF(Farmers!A:A,Raw_coffee_shipments!B14)=0,"Missing Data","OK") -> OK | D14: =VLOOKUP(B14,Farmers!$A$1:$B$51,2,FALSE) -> Vietnam | E14: 2019 | F14: =IF(E14="","Unknown","Provided") -> Provided | G14: 647.1 | H14: Natural / Dry | I14: Unknown
A15: SHP00014 | B15: F0021 | C15: =IF(COUNTIF(Farmers!A:A,Raw_coffee_shipments!B15)=0,"Missing Data","OK") -> OK | D15: =VLOOKUP(B15,Farmers!$A$1:$B$51,2,FALSE) -> Ethiopia | E15: 2021 | F15: =IF(E15="","Unknown","Provided") -> Provided | G15: 339.8 | H15: Natural / Dry | I15: Unknown
A16: SHP00015 | B16: F0037 | C16: =IF(COUNTIF(Farmers!A:A,Raw_coffee_shipments!B16)=0,"Missing Data","OK") -> OK | D16: =VLOOKUP(B16,Farmers!$A$1:$B$51,2,FALSE) -> Ethiopia | E16: 2023 | F16: =IF(E16="","Unknown","Provided") -> Provided | G16: 875.4 | H16: Unknown | I16: 45047
A17: SHP00016 | B17: F0048 | C17: =IF(COUNTIF(Farmers!A:A,Raw_coffee_shipments!B17)=0,"Missing Data","OK") -> OK | D17: =VLOOKUP(B17,Farmers!$A$1:$B$51,2,FALSE) -> Ethiopia | E17: 2023 | F17: =IF(E17="","Unknown","Provided") -> Provided | G17: 544.3 | H17: Washed / Wet | I17: 45092
A18: SHP00017 | B18: F0002 | C18: =IF(COUNTIF(Farmers!A:A,Raw_coffee_shipments!B18)=0,"Missing Data","OK") -> OK | D18: =VLOOKUP(B18,Farmers!$A$1:$B$51,2,FALSE) -> Colombia | E18: 2020 | F18: =IF(E18="","Unknown","Provided") -> Provided | G18: 783.4 | H18: Natural / Dry | I18: 45047
A19: SHP00018 | B19: F0042 | C19: =IF(COUNTIF(Farmers!A:A,Raw_coffee_shipments!B19)=0,"Missing Data","OK") -> OK | D19: =VLOOKUP(B19,Farmers!$A$1:$B$51,2,FALSE) -> Unknown | E19: 2021 | F19: =IF(E19="","Unknown","Provided") -> Provided | G19: 690.6 | H19: Natural / Dry | I19: Unknown
A20: SHP00019 | B20: F0017 | C20: =IF(COUNTIF(Farmers!A:A,Raw_coffee_shipments!B20)=0,"Missing Data","OK") -> OK | D20: =VLOOKUP(B20,Farmers!$A$1:$B$51,2,FALSE) -> Unknown | E20: 2023 | F20: =IF(E20="","Unknown","Provided") -> Provided | G20: 1969.5 | H20: Unknown | I20: 45047
A21: SHP00020 | B21: F0039 | C21: =IF(COUNTIF(Farmers!A:A,Raw_coffee_shipments!B21)=0,"Missing Data","OK") -> OK | D21: =VLOOKUP(B21,Farmers!$A$1:$B$51,2,FALSE) -> Vietnam | E21: 2021 | F21: =IF(E21="","Unknown","Provided") -> Provided | G21: 1532.6 | H21: Honey | I21: Unknown
A22: SHP00021 | B22: F0050 | C22: =IF(COUNTIF(Farmers!A:A,Raw_coffee_shipments!B22)=0,"Missing Data","OK") -> OK | D22: =VLOOKUP(B22,Farmers!$A$1:$B$51,2,FALSE) -> Brazil | E22: 2019 | F22: =IF(E22="","Unknown","Provided") -> Provided | G22: 1863.1 | H22: Unknown | I22: Unknown
A23: SHP00022 | B23: F0043 | C23: =IF(COUNTIF(Farmers!A:A,Raw_coffee_shipments!B23)=0,"Missing Data","OK") -> OK | D23: =VLOOKUP(B23,Farmers!$A$1:$B$51,2,FALSE) -> Brazil | F23: =IF(E23="","Unknown","Provided") -> Unknown | G23: 1131.4 | H23: Natural / Dry | I23: Unknown
A24: SHP00023 | B24: F0025 | C24: =IF(COUNTIF(Farmers!A:A,Raw_coffee_shipments!B24)=0,"Missing Data","OK") -> OK | D24: =VLOOKUP(B24,Farmers!$A$1:$B$51,2,FALSE) -> Colombia | E24: 2022 | F24: =IF(E24="","Unknown","Provided") -> Provided | G24: 1355.5 | H24: Unknown | I24: 45047
A25: SHP00024 | B25: F0026 | C25: =IF(COUNTIF(Farmers!A:A,Raw_coffee_shipments!B25)=0,"Missing Data","OK") -> OK | D25: =VLOOKUP(B25,Farmers!$A$1:$B$51,2,FALSE) -> Colombia | E25: 2021 | F25: =IF(E25="","Unknown","Provided") -> Provided | G25: 427.7 | H25: Unknown | I25: 45047
A26: SHP00025 | B26: F0022 | C26: =IF(COUNTIF(Farmers!A:A,Raw_coffee_shipments!B26)=0,"Missing Data","OK") -> OK | D26: =VLOOKUP(B26,Farmers!$A$1:$B$51,2,FALSE) -> Ethiopia | E26: 2021 | F26: =IF(E26="","Unknown","Provided") -> Provided | G26: 791.7 | H26: Honey | I26: 45047
A27: SHP00026 | B27: F0012 | C27: =IF(COUNTIF(Farmers!A:A,Raw_coffee_shipments!B27)=0,"Missing Data","OK") -> OK | D27: =VLOOKUP(B27,Farmers!$A$1:$B$51,2,FALSE) -> Ethiopia | E27: 2020 | F27: =IF(E27="","Unknown","Provided") -> Provided | G27: 1513.8 | H27: Honey | I27: 45092
A28: SHP00027 | B28: F0015 | C28: =IF(COUNTIF(Farmers!A:A,Raw_coffee_shipments!B28)=0,"Missing Data","OK") -> OK | D28: =VLOOKUP(B28,Farmers!$A$1:$B$51,2,FALSE) -> Brazil | E28: 2019 | F28: =IF(E28="","Unknown","Provided") -> Provided | G28: 775.1 | H28: Washed / Wet | I28: 45047
A29: SHP00028 | B29: F0037 | C29: =IF(COUNTIF(Farmers!A:A,Raw_coffee_shipments!B29)=0,"Missing Data","OK") -> OK | D29: =VLOOKUP(B29,Farmers!$A$1:$B$51,2,FALSE) -> Ethiopia | F29: =IF(E29="","Unknown","Provided") -> Unknown | G29: 1758.6 | H29: Honey | I29: 45047
A30: SHP00029 | B30: F0031 | C30: =IF(COUNTIF(Farmers!A:A,Raw_coffee_shipments!B30)=0,"Missing Data","OK") -> OK | D30: =VLOOKUP(B30,Farmers!$A$1:$B$51,2,FALSE) -> Unknown | E30: 2019 | F30: =IF(E30="","Unknown","Provided") -> Provided | G30: 313.6 | H30: Unknown | I30: 45092
A31: SHP00030 | B31: F0027 | C31: =IF(COUNTIF(Farmers!A:A,Raw_coffee_shipments!B31)=0,"Missing Data","OK") -> OK | D31: =VLOOKUP(B31,Farmers!$A$1:$B$51,2,FALSE) -> Vietnam | E31: 2019 | F31: =IF(E31="","Unknown","Provided") -> Provided | G31: 281.1 | H31: Washed / Wet | I31: 45092
A32: SHP00031 | B32: F0024 | C32: =IF(COUNTIF(Farmers!A:A,Raw_coffee_shipments!B32)=0,"Missing Data","OK") -> OK | D32: =VLOOKUP(B32,Farmers!$A$1:$B$51,2,FALSE) -> Brazil | F32: =IF(E32="","Unknown","Provided") -> Unknown | G32: 75.9 | H32: Unknown | I32: Unknown
A33: SHP00032 | B33: F0007 | C33: =IF(COUNTIF(Farmers!A:A,Raw_coffee_shipments!B33)=0,"Missing Data","OK") -> OK | D33: =VLOOKUP(B33,Farmers!$A$1:$B$51,2,FALSE) -> Colombia | E33: 2021 | F33: =IF(E33="","Unknown","Provided") -> Provided | G33: 1211.1 | H33: Washed / Wet | I33: Unknown
A34: SHP00033 | B34: F0018 | C34: =IF(COUNTIF(Farmers!A:A,Raw_coffee_shipments!B34)=0,"Missing Data","OK") -> OK | D34: =VLOOKUP(B34,Farmers!$A$1:$B$51,2,FALSE) -> Ethiopia | E34: 2023 | F34: =IF(E34="","Unknown","Provided") -> Provided | G34: 1657.3 | H34: Washed / Wet | I34: Unknown
A35: SHP00034 | B35: F0015 | C35: =IF(COUNTIF(Farmers!A:A,Raw_coffee_shipments!B35)=0,"Missing Data","OK") -> OK | D35: =VLOOKUP(B35,Farmers!$A$1:$B$51,2,FALSE) -> Brazil | E35: 2022 | F35: =IF(E35="","Unknown","Provided") -> Provided | G35: 868.9 | H35: Washed / Wet | I35: Unknown
A36: SHP00035 | B36: F0038 | C36: =IF(COUNTIF(Farmers!A:A,Raw_coffee_shipments!B36)=0,"Missing Data","OK") -> OK | D36: =VLOOKUP(B36,Farmers!$A$1:$B$51,2,FALSE) -> Brazil | E36: 2022 | F36: =IF(E36="","Unknown","Provided") -> Provided | G36: 1403.2 | H36: Natural / Dry | I36: 45092
A37: SHP00036 | B37: F0016 | C37: =IF(COUNTIF(Farmers!A:A,Raw_coffee_shipments!B37)=0,"Missing Data","OK") -> OK | D37: =VLOOKUP(B37,Farmers!$A$1:$B$51,2,FALSE) -> Brazil | E37: 2019 | F37: =IF(E37="","Unknown","Provided") -> Provided | G37: 1949.4 | H37: Honey | I37: 45047
A38: SHP00037 | B38: F0016 | C38: =IF(COUNTIF(Farmers!A:A,Raw_coffee_shipments!B38)=0,"Missing Data","OK") -> OK | D38: =VLOOKUP(B38,Farmers!$A$1:$B$51,2,FALSE) -> Brazil | E38: 2022 | F38: =IF(E38="","Unknown","Provided") -> Provided | G38: 1752.1 | H38: Washed / Wet | I38: 45047
A39: SHP00038 | B39: F0043 | C39: =IF(COUNTIF(Farmers!A:A,Raw_coffee_shipments!B39)=0,"Missing Data","OK") -> OK | D39: =VLOOKUP(B39,Farmers!$A$1:$B$51,2,FALSE) -> Brazil | E39: 2021 | F39: =IF(E39="","Unknown","Provided") -> Provided | G39: 1513.3 | H39: Honey | I39: Unknown
A40: SHP00039 | B40: F0048 | C40: =IF(COUNTIF(Farmers!A:A,Raw_coffee_shipments!B40)=0,"Missing Data","OK") -> OK | D40: =VLOOKUP(B40,Farmers!$A$1:$B$51,2,FALSE) -> Ethiopia | E40: 2019 | F40: =IF(E40="","Unknown","Provided") -> Provided | G40: 156.0 | H40: Honey | I40: Unknown
A41: SHP00040 | B41: F0021 | C41: =IF(COUNTIF(Farmers!A:A,Raw_coffee_shipments!B41)=0,"Missing Data","OK") -> OK | D41: =VLOOKUP(B41,Farmers!$A$1:$B$51,2,FALSE) -> Ethiopia | E41: 2023 | F41: =IF(E41="","Unknown","Provided") -> Provided | G41: 698.6 | H41: Unknown | I41: 45092
A42: SHP00041 | B42: F0005 | C42: =IF(COUNTIF(Farmers!A:A,Raw_coffee_shipments!B42)=0,"Missing Data","OK") -> OK | D42: =VLOOKUP(B42,Farmers!$A$1:$B$51,2,FALSE) -> Colombia | E42: 2022 | F42: =IF(E42="","Unknown","Provided") -> Provided | G42: 1388.2 | H42: Washed / Wet | I42: 45092
A43: SHP00042 | B43: F0035 | C43: =IF(COUNTIF(Farmers!A:A,Raw_coffee_shipments!B43)=0,"Missing Data","OK") -> OK | D43: =VLOOKUP(B43,Farmers!$A$1:$B$51,2,FALSE) -> Ethiopia | E43: 2020 | F43: =IF(E43="","Unknown","Provided") -> Provided | G43: 825.9 | H43: Washed / Wet | I43: 45092
A44: SHP00043 | B44: F0013 | C44: =IF(COUNTIF(Farmers!A:A,Raw_coffee_shipments!B44)=0,"Missing Data","OK") -> OK | D44: =VLOOKUP(B44,Farmers!$A$1:$B$51,2,FALSE) -> Unknown | E44: 2019 | F44: =IF(E44="","Unknown","Provided") -> Provided | G44: 1418.1 | H44: Honey | I44: 45047
A45: SHP00044 | B45: F0045 | C45: =IF(COUNTIF(Farmers!A:A,Raw_coffee_shipments!B45)=0,"Missing Data","OK") -> OK | D45: =VLOOKUP(B45,Farmers!$A$1:$B$51,2,FALSE) -> Colombia | E45: 2020 | F45: =IF(E45="","Unknown","Provided") -> Provided | G45: 229.8 | H45: Honey | I45: 45092
A46: SHP00045 | B46: F0016 | C46: =IF(COUNTIF(Farmers!A:A,Raw_coffee_shipments!B46)=0,"Missing Data","OK") -> OK | D46: =VLOOKUP(B46,Farmers!$A$1:$B$51,2,FALSE) -> Brazil | E46: 2022 | F46: =IF(E46="","Unknown","Provided") -> Provided | G46: 914.8 | H46: Natural / Dry | I46: Unknown
A47: SHP00046 | B47: F0027 | C47: =IF(COUNTIF(Farmers!A:A,Raw_coffee_shipments!B47)=0,"Missing Data","OK") -> OK | D47: =VLOOKUP(B47,Farmers!$A$1:$B$51,2,FALSE) -> Vietnam | E47: 2022 | F47: =IF(E47="","Unknown","Provided") -> Provided | G47: 1569.8 | H47: Natural / Dry | I47: Unknown
A48: SHP00047 | B48: F0009 | C48: =IF(COUNTIF(Farmers!A:A,Raw_coffee_shipments!B48)=0,"Missing Data","OK") -> OK | D48: =VLOOKUP(B48,Farmers!$A$1:$B$51,2,FALSE) -> Brazil | E48: 2020 | F48: =IF(E48="","Unknown","Provided") -> Provided | G48: 1385.8 | H48: Honey | I48: 45047
A49: SHP00048 | B49: F0025 | C49: =IF(COUNTIF(Farmers!A:A,Raw_coffee_shipments!B49)=0,"Missing Data","OK") -> OK | D49: =VLOOKUP(B49,Farmers!$A$1:$B$51,2,FALSE) -> Colombia | E49: 2022 | F49: =IF(E49="","Unknown","Provided") -> Provided | G49: 638.8 | H49: Unknown | I49: Unknown
A50: SHP00049 | B50: F0030 | C50: =IF(COUNTIF(Farmers!A:A,Raw_coffee_shipments!B50)=0,"Missing Data","OK") -> OK | D50: =VLOOKUP(B50,Farmers!$A$1:$B$51,2,FALSE) -> Ethiopia | E50: 2021 | F50: =IF(E50="","Unknown","Provided") -> Provided | G50: 857.4 | H50: Unknown | I50: Unknown
A51: SHP00050 | B51: F0044 | C51: =IF(COUNTIF(Farmers!A:A,Raw_coffee_shipments!B51)=0,"Missing Data","OK") -> OK | D51: =VLOOKUP(B51,Farmers!$A$1:$B$51,2,FALSE) -> Brazil | E51: 2020 | F51: =IF(E51="","Unknown","Provided") -> Provided | G51: 1434.9 | H51: Washed / Wet | I51: 45047
A52: SHP00051 | B52: F0004 | C52: =IF(COUNTIF(Farmers!A:A,Raw_coffee_shipments!B52)=0,"Missing Data","OK") -> OK | D52: =VLOOKUP(B52,Farmers!$A$1:$B$51,2,FALSE) -> Ethiopia | E52: 2019 | F52: =IF(E52="","Unknown","Provided") -> Provided | G52: 848.1 | H52: Natural / Dry | I52: 45092
A53: SHP00052 | B53: F0022 | C53: =IF(COUNTIF(Farmers!A:A,Raw_coffee_shipments!B53)=0,"Missing Data","OK") -> OK | D53: =VLOOKUP(B53,Farmers!$A$1:$B$51,2,FALSE) -> Ethiopia | F53: =IF(E53="","Unknown","Provided") -> Unknown | G53: 1221.5 | H53: Natural / Dry | I53: 45047
A54: SHP00053 | B54: F0009 | C54: =IF(COUNTIF(Farmers!A:A,Raw_coffee_shipments!B54)=0,"Missing Data","OK") -> OK | D54: =VLOOKUP(B54,Farmers!$A$1:$B$51,2,FALSE) -> Brazil | E54: 2019 | F54: =IF(E54="","Unknown","Provided") -> Provided | G54: 1052.8 | H54: Washed / Wet | I54: 45092
A55: SHP00054 | B55: F0015 | C55: =IF(COUNTIF(Farmers!A:A,Raw_coffee_shipments!B55)=0,"Missing Data","OK") -> OK | D55: =VLOOKUP(B55,Farmers!$A$1:$B$51,2,FALSE) -> Brazil | E55: 2023 | F55: =IF(E55="","Unknown","Provided") -> Provided | G55: 1948.5 | H55: Washed / Wet | I55: 45092
A56: SHP00055 | B56: F0033 | C56: =IF(COUNTIF(Farmers!A:A,Raw_coffee_shipments!B56)=0,"Missing Data","OK") -> OK | D56: =VLOOKUP(B56,Farmers!$A$1:$B$51,2,FALSE) -> Brazil | E56: 2019 | F56: =IF(E56="","Unknown","Provided") -> Provided | G56: 724.7 | H56: Unknown | I56: Unknown
A57: SHP00056 | B57: F0044 | C57: =IF(COUNTIF(Farmers!A:A,Raw_coffee_shipments!B57)=0,"Missing Data","OK") -> OK | D57: =VLOOKUP(B57,Farmers!$A$1:$B$51,2,FALSE) -> Brazil | E57: 2023 | F57: =IF(E57="","Unknown","Provided") -> Provided | G57: 1369.1 | H57: Natural / Dry | I57: 45047
A58: SHP00057 | B58: F0043 | C58: =IF(COUNTIF(Farmers!A:A,Raw_coffee_shipments!B58)=0,"Missing Data","OK") -> OK | D58: =VLOOKUP(B58,Farmers!$A$1:$B$51,2,FALSE) -> Brazil | E58: 2020 | F58: =IF(E58="","Unknown","Provided") -> Provided | G58: 831.1 | H58: Washed / Wet | I58: 45092
A59: SHP00058 | B59: F0005 | C59: =IF(COUNTIF(Farmers!A:A,Raw_coffee_shipments!B59)=0,"Missing Data","OK") -> OK | D59: =VLOOKUP(B59,Farmers!$A$1:$B$51,2,FALSE) -> Colombia | E59: 2020 | F59: =IF(E59="","Unknown","Provided") -> Provided | G59: 328.5 | H59: Unknown | I59: 45047
A60: SHP00059 | B60: F0035 | C60: =IF(COUNTIF(Farmers!A:A,Raw_coffee_shipments!B60)=0,"Missing Data","OK") -> OK | D60: =VLOOKUP(B60,Farmers!$A$1:$B$51,2,FALSE) -> Ethiopia | E60: 2020 | F60: =IF(E60="","Unknown","Provided") -> Provided | G60: 108.4 | H60: Honey | I60: 45047
A61: SHP00060 | B61: F0012 | C61: =IF(COUNTIF(Farmers!A:A,Raw_coffee_shipments!B61)=0,"Missing Data","OK") -> OK | D61: =VLOOKUP(B61,Farmers!$A$1:$B$51,2,FALSE) -> Ethiopia | F61: =IF(E61="","Unknown","Provided") -> Unknown | G61: 1611.4 | H61: Honey | I61: Unknown
A62: SHP00061 | B62: F0023 | C62: =IF(COUNTIF(Farmers!A:A,Raw_coffee_shipments!B62)=0,"Missing Data","OK") -> OK | D62: =VLOOKUP(B62,Farmers!$A$1:$B$51,2,FALSE) -> Vietnam | E62: 2022 | F62: =IF(E62="","Unknown","Provided") -> Provided | G62: 877.3 | H62: Natural / Dry | I62: 45047
A63: SHP00062 | B63: F0036 | C63: =IF(COUNTIF(Farmers!A:A,Raw_coffee_shipments!B63)=0,"Missing Data","OK") -> OK | D63: =VLOOKUP(B63,Farmers!$A$1:$B$51,2,FALSE) -> Unknown | E63: 2021 | F63: =IF(E63="","Unknown","Provided") -> Provided | G63: 1315.0 | H63: Honey | I63: Unknown
A64: SHP00063 | B64: F0023 | C64: =IF(COUNTIF(Farmers!A:A,Raw_coffee_shipments!B64)=0,"Missing Data","OK") -> OK | D64: =VLOOKUP(B64,Farmers!$A$1:$B$51,2,FALSE) -> Vietnam | F64: =IF(E64="","Unknown","Provided") -> Unknown | G64: 619.3 | H64: Unknown | I64: 45092
A65: SHP00064 | B65: F0035 | C65: =IF(COUNTIF(Farmers!A:A,Raw_coffee_shipments!B65)=0,"Missing Data","OK") -> OK | D65: =VLOOKUP(B65,Farmers!$A$1:$B$51,2,FALSE) -> Ethiopia | E65: 2019 | F65: =IF(E65="","Unknown","Provided") -> Provided | G65: 359.9 | H65: Honey | I65: 45092
A66: SHP00065 | B66: F0010 | C66: =IF(COUNTIF(Farmers!A:A,Raw_coffee_shipments!B66)=0,"Missing Data","OK") -> OK | D66: =VLOOKUP(B66,Farmers!$A$1:$B$51,2,FALSE) -> Colombia | F66: =IF(E66="","Unknown","Provided") -> Unknown | G66: 659.8 | H66: Natural / Dry | I66: 45047
A67: SHP00066 | B67: F0007 | C67: =IF(COUNTIF(Farmers!A:A,Raw_coffee_shipments!B67)=0,"Missing Data","OK") -> OK | D67: =VLOOKUP(B67,Farmers!$A$1:$B$51,2,FALSE) -> Colombia | E67: 2020 | F67: =IF(E67="","Unknown","Provided") -> Provided | G67: 1900.7 | H67: Natural / Dry | I67: 45047
A68: SHP00067 | B68: F0009 | C68: =IF(COUNTIF(Farmers!A:A,Raw_coffee_shipments!B68)=0,"Missing Data","OK") -> OK | D68: =VLOOKUP(B68,Farmers!$A$1:$B$51,2,FALSE) -> Brazil | E68: 2019 | F68: =IF(E68="","Unknown","Provided") -> Provided | G68: 979.8 | H68: Honey | I68: 45047
A69: SHP00068 | B69: F0032 | C69: =IF(COUNTIF(Farmers!A:A,Raw_coffee_shipments!B69)=0,"Missing Data","OK") -> OK | D69: =VLOOKUP(B69,Farmers!$A$1:$B$51,2,FALSE) -> Brazil | E69: 2020 | F69: =IF(E69="","Unknown","Provided") -> Provided | G69: 534.7 | H69: Washed / Wet | I69: Unknown
A70: SHP00069 | B70: F0037 | C70: =IF(COUNTIF(Farmers!A:A,Raw_coffee_shipments!B70)=0,"Missing Data","OK") -> OK | D70: =VLOOKUP(B70,Farmers!$A$1:$B$51,2,FALSE) -> Ethiopia | F70: =IF(E70="","Unknown","Provided") -> Unknown | G70: 502.6 | H70: Natural / Dry | I70: 45047
A71: SHP00070 | B71: F0047 | C71: =IF(COUNTIF(Farmers!A:A,Raw_coffee_shipments!B71)=0,"Missing Data","OK") -> OK | D71: =VLOOKUP(B71,Farmers!$A$1:$B$51,2,FALSE) -> Brazil | E71: 2021 | F71: =IF(E71="","Unknown","Provided") -> Provided | G71: 365.2 | H71: Honey | I71: 45092
A72: SHP00071 | B72: F0043 | C72: =IF(COUNTIF(Farmers!A:A,Raw_coffee_shipments!B72)=0,"Missing Data","OK") -> OK | D72: =VLOOKUP(B72,Farmers!$A$1:$B$51,2,FALSE) -> Brazil | E72: 2020 | F72: =IF(E72="","Unknown","Provided") -> Provided | G72: 1562.9 | H72: Washed / Wet | I72: Unknown
A73: SHP00072 | B73: F0035 | C73: =IF(COUNTIF(Farmers!A:A,Raw_coffee_shipments!B73)=0,"Missing Data","OK") -> OK | D73: =VLOOKUP(B73,Farmers!$A$1:$B$51,2,FALSE) -> Ethiopia | E73: 2020 | F73: =IF(E73="","Unknown","Provided") -> Provided | G73: 585.4 | H73: Unknown | I73: 45092
A74: SHP00073 | B74: F0029 | C74: =IF(COUNTIF(Farmers!A:A,Raw_coffee_shipments!B74)=0,"Missing Data","OK") -> OK | D74: =VLOOKUP(B74,Farmers!$A$1:$B$51,2,FALSE) -> Unknown | E74: 2022 | F74: =IF(E74="","Unknown","Provided") -> Provided | G74: 1988.3 | H74: Unknown | I74: 45092
A75: SHP00074 | B75: F0001 | C75: =IF(COUNTIF(Farmers!A:A,Raw_coffee_shipments!B75)=0,"Missing Data","OK") -> OK | D75: =VLOOKUP(B75,Farmers!$A$1:$B$51,2,FALSE) -> Colombia | E75: 2019 | F75: =IF(E75="","Unknown","Provided") -> Provided | G75: 223.7 | H75: Honey | I75: Unknown
A76: SHP00075 | B76: F0028 | C76: =IF(COUNTIF(Farmers!A:A,Raw_coffee_shipments!B76)=0,"Missing Data","OK") -> OK | D76: =VLOOKUP(B76,Farmers!$A$1:$B$51,2,FALSE) -> Brazil | E76: 2020 | F76: =IF(E76="","Unknown","Provided") -> Provided | G76: 460.5 | H76: Honey | I76: Unknown
A77: SHP00076 | B77: F0032 | C77: =IF(COUNTIF(Farmers!A:A,Raw_coffee_shipments!B77)=0,"Missing Data","OK") -> OK | D77: =VLOOKUP(B77,Farmers!$A$1:$B$51,2,FALSE) -> Brazil | E77: 2021 | F77: =IF(E77="","Unknown","Provided") -> Provided | G77: 1059.9 | H77: Unknown | I77: 45047
A78: SHP00077 | B78: F0025 | C78: =IF(COUNTIF(Farmers!A:A,Raw_coffee_shipments!B78)=0,"Missing Data","OK") -> OK | D78: =VLOOKUP(B78,Farmers!$A$1:$B$51,2,FALSE) -> Colombia | E78: 2022 | F78: =IF(E78="","Unknown","Provided") -> Provided | G78: 495.5 | H78: Washed / Wet | I78: 45092
A79: SHP00078 | B79: F0046 | C79: =IF(COUNTIF(Farmers!A:A,Raw_coffee_shipments!B79)=0,"Missing Data","OK") -> OK | D79: =VLOOKUP(B79,Farmers!$A$1:$B$51,2,FALSE) -> Brazil | F79: =IF(E79="","Unknown","Provided") -> Unknown | G79: 1557.6 | H79: Unknown | I79: 45047
A80: SHP00079 | B80: F0025 | C80: =IF(COUNTIF(Farmers!A:A,Raw_coffee_shipments!B80)=0,"Missing Data","OK") -> OK | D80: =VLOOKUP(B80,Farmers!$A$1:$B$51,2,FALSE) -> Colombia | E80: 2019 | F80: =IF(E80="","Unknown","Provided") -> Provided | G80: 342.3 | H80: Natural / Dry | I80: 45047
A81: SHP00080 | B81: F0048 | C81: =IF(COUNTIF(Farmers!A:A,Raw_coffee_shipments!B81)=0,"Missing Data","OK") -> OK | D81: =VLOOKUP(B81,Farmers!$A$1:$B$51,2,FALSE) -> Ethiopia | E81: 2019 | F81: =IF(E81="","Unknown","Provided") -> Provided | G81: 1102.3 | H81: Natural / Dry | I81: 45047
A82: SHP00081 | B82: F0003 | C82: =IF(COUNTIF(Farmers!A:A,Raw_coffee_shipments!B82)=0,"Missing Data","OK") -> OK | D82: =VLOOKUP(B82,Farmers!$A$1:$B$51,2,FALSE) -> Colombia | E82: 2020 | F82: =IF(E82="","Unknown","Provided") -> Provided | G82: 226.9 | H82: Honey | I82: 45092
A83: SHP00082 | B83: F0044 | C83: =IF(COUNTIF(Farmers!A:A,Raw_coffee_shipments!B83)=0,"Missing Data","OK") -> OK | D83: =VLOOKUP(B83,Farmers!$A$1:$B$51,2,FALSE) -> Brazil | E83: 2022 | F83: =IF(E83="","Unknown","Provided") -> Provided | G83: 145.8 | H83: Unknown | I83: 45092
A84: SHP00083 | B84: F0011 | C84: =IF(COUNTIF(Farmers!A:A,Raw_coffee_shipments!B84)=0,"Missing Data","OK") -> OK | D84: =VLOOKUP(B84,Farmers!$A$1:$B$51,2,FALSE) -> Vietnam | E84: 2022 | F84: =IF(E84="","Unknown","Provided") -> Provided | G84: 1322.4 | H84: Unknown | I84: Unknown
A85: SHP00084 | B85: F0048 | C85: =IF(COUNTIF(Farmers!A:A,Raw_coffee_shipments!B85)=0,"Missing Data","OK") -> OK | D85: =VLOOKUP(B85,Farmers!$A$1:$B$51,2,FALSE) -> Ethiopia | E85: 2022 | F85: =IF(E85="","Unknown","Provided") -> Provided | G85: 1705.2 | H85: Washed / Wet | I85: 45047
A86: SHP00085 | B86: F0044 | C86: =IF(COUNTIF(Farmers!A:A,Raw_coffee_shipments!B86)=0,"Missing Data","OK") -> OK | D86: =VLOOKUP(B86,Farmers!$A$1:$B$51,2,FALSE) -> Brazil | E86: 2023 | F86: =IF(E86="","Unknown","Provided") -> Provided | G86: 1209.4 | H86: Natural / Dry | I86: 45047
A87: SHP00086 | B87: F0010 | C87: =IF(COUNTIF(Farmers!A:A,Raw_coffee_shipments!B87)=0,"Missing Data","OK") -> OK | D87: =VLOOKUP(B87,Farmers!$A$1:$B$51,2,FALSE) -> Colombia | E87: 2023 | F87: =IF(E87="","Unknown","Provided") -> Provided | G87: 360.5 | H87: Honey | I87: 45047
A88: SHP00087 | B88: F0026 | C88: =IF(COUNTIF(Farmers!A:A,Raw_coffee_shipments!B88)=0,"Missing Data","OK") -> OK | D88: =VLOOKUP(B88,Farmers!$A$1:$B$51,2,FALSE) -> Colombia | E88: 2023 | F88: =IF(E88="","Unknown","Provided") -> Provided | G88: 1077.6 | H88: Natural / Dry | I88: Unknown
A89: SHP00088 | B89: F0028 | C89: =IF(COUNTIF(Farmers!A:A,Raw_coffee_shipments!B89)=0,"Missing Data","OK") -> OK | D89: =VLOOKUP(B89,Farmers!$A$1:$B$51,2,FALSE) -> Brazil | E89: 2022 | F89: =IF(E89="","Unknown","Provided") -> Provided | G89: 596.6 | H89: Honey | I89: 45047
A90: SHP00089 | B90: F0008 | C90: =IF(COUNTIF(Farmers!A:A,Raw_coffee_shipments!B90)=0,"Missing Data","OK") -> OK | D90: =VLOOKUP(B90,Farmers!$A$1:$B$51,2,FALSE) -> Colombia | E90: 2021 | F90: =IF(E90="","Unknown","Provided") -> Provided | G90: 1658.3 | H90: Honey | I90: 45092
A91: SHP00090 | B91: F0003 | C91: =IF(COUNTIF(Farmers!A:A,Raw_coffee_shipments!B91)=0,"Missing Data","OK") -> OK | D91: =VLOOKUP(B91,Farmers!$A$1:$B$51,2,FALSE) -> Colombia | E91: 2020 | F91: =IF(E91="","Unknown","Provided") -> Provided | G91: 274.2 | H91: Washed / Wet | I91: 45047
A92: SHP00091 | B92: F0027 | C92: =IF(COUNTIF(Farmers!A:A,Raw_coffee_shipments!B92)=0,"Missing Data","OK") -> OK | D92: =VLOOKUP(B92,Farmers!$A$1:$B$51,2,FALSE) -> Vietnam | E92: 2021 | F92: =IF(E92="","Unknown","Provided") -> Provided | G92: 1532.5 | H92: Washed / Wet | I92: Unknown
A93: SHP00092 | B93: F0022 | C93: =IF(COUNTIF(Farmers!A:A,Raw_coffee_shipments!B93)=0,"Missing Data","OK") -> OK | D93: =VLOOKUP(B93,Farmers!$A$1:$B$51,2,FALSE) -> Ethiopia | E93: 2022 | F93: =IF(E93="","Unknown","Provided") -> Provided | G93: 988.1 | H93: Washed / Wet | I93: Unknown
A94: SHP00093 | B94: F0015 | C94: =IF(COUNTIF(Farmers!A:A,Raw_coffee_shipments!B94)=0,"Missing Data","OK") -> OK | D94: =VLOOKUP(B94,Farmers!$A$1:$B$51,2,FALSE) -> Brazil | F94: =IF(E94="","Unknown","Provided") -> Unknown | G94: 1841.6 | H94: Natural / Dry | I94: Unknown
A95: SHP00094 | B95: F0047 | C95: =IF(COUNTIF(Farmers!A:A,Raw_coffee_shipments!B95)=0,"Missing Data","OK") -> OK | D95: =VLOOKUP(B95,Farmers!$A$1:$B$51,2,FALSE) -> Brazil | E95: 2020 | F95: =IF(E95="","Unknown","Provided") -> Provided | G95: 536.1 | H95: Natural / Dry | I95: Unknown
A96: SHP00095 | B96: F0037 | C96: =IF(COUNTIF(Farmers!A:A,Raw_coffee_shipments!B96)=0,"Missing Data","OK") -> OK | D96: =VLOOKUP(B96,Farmers!$A$1:$B$51,2,FALSE) -> Ethiopia | E96: 2021 | F96: =IF(E96="","Unknown","Provided") -> Provided | G96: 899.4 | H96: Honey | I96: 45047
A97: SHP00096 | B97: F0049 | C97: =IF(COUNTIF(Farmers!A:A,Raw_coffee_shipments!B97)=0,"Missing Data","OK") -> OK | D97: =VLOOKUP(B97,Farmers!$A$1:$B$51,2,FALSE) -> Brazil | F97: =IF(E97="","Unknown","Provided") -> Unknown | G97: 1576.4 | H97: Unknown | I97: 45047
A98: SHP00097 | B98: F0034 | C98: =IF(COUNTIF(Farmers!A:A,Raw_coffee_shipments!B98)=0,"Missing Data","OK") -> OK | D98: =VLOOKUP(B98,Farmers!$A$1:$B$51,2,FALSE) -> Vietnam | E98: 2021 | F98: =IF(E98="","Unknown","Provided") -> Provided | G98: 1263.2 | H98: Washed / Wet | I98: 45047
A99: SHP00098 | B99: F0048 | C99: =IF(COUNTIF(Farmers!A:A,Raw_coffee_shipments!B99)=0,"Missing Data","OK") -> OK | D99: =VLOOKUP(B99,Farmers!$A$1:$B$51,2,FALSE) -> Ethiopia | F99: =IF(E99="","Unknown","Provided") -> Unknown | G99: 336.4 | H99: Unknown | I99: Unknown
A100: SHP00099 | B100: F0005 | C100: =IF(COUNTIF(Farmers!A:A,Raw_coffee_shipments!B100)=0,"Missing Data","OK") -> OK | D100: =VLOOKUP(B100,Farmers!$A$1:$B$51,2,FALSE) -> Colombia | E100: 2021 | F100: =IF(E100="","Unknown","Provided") -> Provided | G100: 1924.4 | H100: Natural / Dry | I100: 45047
...

Sheet Pivot_Table (Exported Weight)
A3: Row Labels | B3: Sum of Weight_kg
A4: Brazil | B4: 33938.1
A5: Colombia | B5: 17710.8
A6: Ethiopia | B6: 23572.2
A7: Unknown | B7: 11897.5
A8: Vietnam | B8: 11090.8
A9: Grand Total | B9: 98209.4

Sheet Used_Coffer_shipments
A1: Shipment_ID | B1: Farmer_ID | C1: FarmerID_Check | D1: Country | E1: Harvest_Year | F1: Harvest_Year Status | G1: Weight_kg | H1: Processing_Method | I1: Export_Date
A2: SHP00001 | B2: F0021 | C2: =IF(COUNTIF(Farmers!A:A,Raw_coffee_shipments!B2)=0,"Missing Data","OK") -> OK | D2: =VLOOKUP(B2,Farmers!$A$1:$B$51,2,FALSE) -> Ethiopia | E2: 2021 | F2: =IF(E2="","Unknown","Provided") -> Provided | G2: 1918.8 | H2: Honey | I2: 45047
A3: SHP00002 | B3: F0017 | C3: =IF(COUNTIF(Farmers!A:A,Raw_coffee_shipments!B3)=0,"Missing Data","OK") -> OK | D3: =VLOOKUP(B3,Farmers!$A$1:$B$51,2,FALSE) -> Unknown | E3: 2020 | F3: =IF(E3="","Unknown","Provided") -> Provided | G3: 1495.2 | H3: Washed / Wet | I3: 45047
A4: SHP00003 | B4: F0036 | C4: =IF(COUNTIF(Farmers!A:A,Raw_coffee_shipments!B4)=0,"Missing Data","OK") -> OK | D4: =VLOOKUP(B4,Farmers!$A$1:$B$51,2,FALSE) -> Unknown | E4: 2021 | F4: =IF(E4="","Unknown","Provided") -> Provided | G4: 1583.2 | H4: Natural / Dry | I4: 45092
A5: SHP00004 | B5: F0006 | C5: =IF(COUNTIF(Farmers!A:A,Raw_coffee_shipments!B5)=0,"Missing Data","OK") -> OK | D5: =VLOOKUP(B5,Farmers!$A$1:$B$51,2,FALSE) -> Colombia | E5: 2022 | F5: =IF(E5="","Unknown","Provided") -> Provided | G5: 904.2 | H5: Natural / Dry | I5: Unknown
A6: SHP00005 | B6: F0005 | C6: =IF(COUNTIF(Farmers!A:A,Raw_coffee_shipments!B6)=0,"Missing Data","OK") -> OK | D6: =VLOOKUP(B6,Farmers!$A$1:$B$51,2,FALSE) -> Colombia | E6: 2020 | F6: =IF(E6="","Unknown","Provided") -> Provided | G6: 273.9 | H6: Honey | I6: 45092
A7: SHP00006 | B7: F0031 | C7: =IF(COUNTIF(Farmers!A:A,Raw_coffee_shipments!B7)=0,"Missing Data","OK") -> OK | D7: =VLOOKUP(B7,Farmers!$A$1:$B$51,2,FALSE) -> Unknown | E7: 2020 | F7: =IF(E7="","Unknown","Provided") -> Provided | G7: 1124 | H7: Unknown | I7: 45092
A8: SHP00007 | B8: F0015 | C8: =IF(COUNTIF(Farmers!A:A,Raw_coffee_shipments!B8)=0,"Missing Data","OK") -> OK | D8: =VLOOKUP(B8,Farmers!$A$1:$B$51,2,FALSE) -> Brazil | E8: 2022 | F8: =IF(E8="","Unknown","Provided") -> Provided | G8: 517.5 | H8: Unknown | I8: 45047
A9: SHP00008 | B9: F0012 | C9: =IF(COUNTIF(Farmers!A:A,Raw_coffee_shipments!B9)=0,"Missing Data","OK") -> OK | D9: =VLOOKUP(B9,Farmers!$A$1:$B$51,2,FALSE) -> Ethiopia | E9: 2022 | F9: =IF(E9="","Unknown","Provided") -> Provided | G9: 1066.6 | H9: Honey | I9: 45047
A10: SHP00009 | B10: F0022 | C10: =IF(COUNTIF(Farmers!A:A,Raw_coffee_shipments!B10)=0,"Missing Data","OK") -> OK | D10: =VLOOKUP(B10,Farmers!$A$1:$B$51,2,FALSE) -> Ethiopia | E10: 2020 | F10: =IF(E10="","Unknown","Provided") -> Provided | G10: 130.5 | H10: Natural / Dry | I10: 45047
A11: SHP00010 | B11: F0034 | C11: =IF(COUNTIF(Farmers!A:A,Raw_coffee_shipments!B11)=0,"Missing Data","OK") -> OK | D11: =VLOOKUP(B11,Farmers!$A$1:$B$51,2,FALSE) -> Vietnam | E11: 2023 | F11: =IF(E11="","Unknown","Provided") -> Provided | G11: 1445.5 | H11: Unknown | I11: 45047
A12: SHP00011 | B12: F0007 | C12: =IF(COUNTIF(Farmers!A:A,Raw_coffee_shipments!B12)=0,"Missing Data","OK") -> OK | D12: =VLOOKUP(B12,Farmers!$A$1:$B$51,2,FALSE) -> Colombia | E12: 2020 | F12: =IF(E12="","Unknown","Provided") -> Provided | G12: 778.5 | H12: Honey | I12: 45047
A13: SHP00012 | B13: F0025 | C13: =IF(COUNTIF(Farmers!A:A,Raw_coffee_shipments!B13)=0,"Missing Data","OK") -> OK | D13: =VLOOKUP(B13,Farmers!$A$1:$B$51,2,FALSE) -> Colombia | E13: 2022 | F13: =IF(E13="","Unknown","Provided") -> Provided | G13: 247.3 | H13: Unknown | I13: 45047
A14: SHP00013 | B14: F0011 | C14: =IF(COUNTIF(Farmers!A:A,Raw_coffee_shipments!B14)=0,"Missing Data","OK") -> OK | D14: =VLOOKUP(B14,Farmers!$A$1:$B$51,2,FALSE) -> Vietnam | E14: 2019 | F14: =IF(E14="","Unknown","Provided") -> Provided | G14: 647.1 | H14: Natural / Dry | I14: Unknown
A15: SHP00014 | B15: F0021 | C15: =IF(COUNTIF(Farmers!A:A,Raw_coffee_shipments!B15)=0,"Missing Data","OK") -> OK | D15: =VLOOKUP(B15,Farmers!$A$1:$B$51,2,FALSE) -> Ethiopia | E15: 2021 | F15: =IF(E15="","Unknown","Provided") -> Provided | G15: 339.8 | H15: Natural / Dry | I15: Unknown
A16: SHP00015 | B16: F0037 | C16: =IF(COUNTIF(Farmers!A:A,Raw_coffee_shipments!B16)=0,"Missing Data","OK") -> OK | D16: =VLOOKUP(B16,Farmers!$A$1:$B$51,2,FALSE) -> Ethiopia | E16: 2023 | F16: =IF(E16="","Unknown","Provided") -> Provided | G16: 875.4 | H16: Unknown | I16: 45047
A17: SHP00016 | B17: F0048 | C17: =IF(COUNTIF(Farmers!A:A,Raw_coffee_shipments!B17)=0,"Missing Data","OK") -> OK | D17: =VLOOKUP(B17,Farmers!$A$1:$B$51,2,FALSE) -> Ethiopia | E17: 2023 | F17: =IF(E17="","Unknown","Provided") -> Provided | G17: 544.3 | H17: Washed / Wet | I17: 45092
A18: SHP00017 | B18: F0002 | C18: =IF(COUNTIF(Farmers!A:A,Raw_coffee_shipments!B18)=0,"Missing Data","OK") -> OK | D18: =VLOOKUP(B18,Farmers!$A$1:$B$51,2,FALSE) -> Colombia | E18: 2020 | F18: =IF(E18="","Unknown","Provided") -> Provided | G18: 783.4 | H18: Natural / Dry | I18: 45047
A19: SHP00018 | B19: F0042 | C19: =IF(COUNTIF(Farmers!A:A,Raw_coffee_shipments!B19)=0,"Missing Data","OK") -> OK | D19: =VLOOKUP(B19,Farmers!$A$1:$B$51,2,FALSE) -> Unknown | E19: 2021 | F19: =IF(E19="","Unknown","Provided") -> Provided | G19: 690.6 | H19: Natural / Dry | I19: Unknown
A20: SHP00019 | B20: F0017 | C20: =IF(COUNTIF(Farmers!A:A,Raw_coffee_shipments!B20)=0,"Missing Data","OK") -> OK | D20: =VLOOKUP(B20,Farmers!$A$1:$B$51,2,FALSE) -> Unknown | E20: 2023 | F20: =IF(E20="","Unknown","Provided") -> Provided | G20: 1969.5 | H20: Unknown | I20: 45047
A21: SHP00020 | B21: F0039 | C21: =IF(COUNTIF(Farmers!A:A,Raw_coffee_shipments!B21)=0,"Missing Data","OK") -> OK | D21: =VLOOKUP(B21,Farmers!$A$1:$B$51,2,FALSE) -> Vietnam | E21: 2021 | F21: =IF(E21="","Unknown","Provided") -> Provided | G21: 1532.6 | H21: Honey | I21: Unknown
A22: SHP00021 | B22: F0050 | C22: =IF(COUNTIF(Farmers!A:A,Raw_coffee_shipments!B22)=0,"Missing Data","OK") -> OK | D22: =VLOOKUP(B22,Farmers!$A$1:$B$51,2,FALSE) -> Brazil | E22: 2019 | F22: =IF(E22="","Unknown","Provided") -> Provided | G22: 1863.1 | H22: Unknown | I22: Unknown
A23: SHP00022 | B23: F0043 | C23: =IF(COUNTIF(Farmers!A:A,Raw_coffee_shipments!B23)=0,"Missing Data","OK") -> OK | D23: =VLOOKUP(B23,Farmers!$A$1:$B$51,2,FALSE) -> Brazil | E23: Unknown | F23: =IF(E23="","Unknown","Provided") -> Provided | G23: 1131.4 | H23: Natural / Dry | I23: Unknown
A24: SHP00023 | B24: F0025 | C24: =IF(COUNTIF(Farmers!A:A,Raw_coffee_shipments!B24)=0,"Missing Data","OK") -> OK | D24: =VLOOKUP(B24,Farmers!$A$1:$B$51,2,FALSE) -> Colombia | E24: 2022 | F24: =IF(E24="","Unknown","Provided") -> Provided | G24: 1355.5 | H24: Unknown | I24: 45047
A25: SHP00024 | B25: F0026 | C25: =IF(COUNTIF(Farmers!A:A,Raw_coffee_shipments!B25)=0,"Missing Data","OK") -> OK | D25: =VLOOKUP(B25,Farmers!$A$1:$B$51,2,FALSE) -> Colombia | E25: 2021 | F25: =IF(E25="","Unknown","Provided") -> Provided | G25: 427.7 | H25: Unknown | I25: 45047
A26: SHP00025 | B26: F0022 | C26: =IF(COUNTIF(Farmers!A:A,Raw_coffee_shipments!B26)=0,"Missing Data","OK") -> OK | D26: =VLOOKUP(B26,Farmers!$A$1:$B$51,2,FALSE) -> Ethiopia | E26: 2021 | F26: =IF(E26="","Unknown","Provided") -> Provided | G26: 791.7 | H26: Honey | I26: 45047
A27: SHP00026 | B27: F0012 | C27: =IF(COUNTIF(Farmers!A:A,Raw_coffee_shipments!B27)=0,"Missing Data","OK") -> OK | D27: =VLOOKUP(B27,Farmers!$A$1:$B$51,2,FALSE) -> Ethiopia | E27: 2020 | F27: =IF(E27="","Unknown","Provided") -> Provided | G27: 1513.8 | H27: Honey | I27: 45092
A28: SHP00027 | B28: F0015 | C28: =IF(COUNTIF(Farmers!A:A,Raw_coffee_shipments!B28)=0,"Missing Data","OK") -> OK | D28: =VLOOKUP(B28,Farmers!$A$1:$B$51,2,FALSE) -> Brazil | E28: 2019 | F28: =IF(E28="","Unknown","Provided") -> Provided | G28: 775.1 | H28: Washed / Wet | I28: 45047
A29: SHP00028 | B29: F0037 | C29: =IF(COUNTIF(Farmers!A:A,Raw_coffee_shipments!B29)=0,"Missing Data","OK") -> OK | D29: =VLOOKUP(B29,Farmers!$A$1:$B$51,2,FALSE) -> Ethiopia | E29: Unknown | F29: =IF(E29="","Unknown","Provided") -> Provided | G29: 1758.6 | H29: Honey | I29: 45047
A30: SHP00029 | B30: F0031 | C30: =IF(COUNTIF(Farmers!A:A,Raw_coffee_shipments!B30)=0,"Missing Data","OK") -> OK | D30: =VLOOKUP(B30,Farmers!$A$1:$B$51,2,FALSE) -> Unknown | E30: 2019 | F30: =IF(E30="","Unknown","Provided") -> Provided | G30: 313.6 | H30: Unknown | I30: 45092
A31: SHP00030 | B31: F0027 | C31: =IF(COUNTIF(Farmers!A:A,Raw_coffee_shipments!B31)=0,"Missing Data","OK") -> OK | D31: =VLOOKUP(B31,Farmers!$A$1:$B$51,2,FALSE) -> Vietnam | E31: 2019 | F31: =IF(E31="","Unknown","Provided") -> Provided | G31: 281.1 | H31: Washed / Wet | I31: 45092
A32: SHP00031 | B32: F0024 | C32: =IF(COUNTIF(Farmers!A:A,Raw_coffee_shipments!B32)=0,"Missing Data","OK") -> OK | D32: =VLOOKUP(B32,Farmers!$A$1:$B$51,2,FALSE) -> Brazil | E32: Unknown | F32: =IF(E32="","Unknown","Provided") -> Provided | G32: 75.9 | H32: Unknown | I32: Unknown
A33: SHP00032 | B33: F0007 | C33: =IF(COUNTIF(Farmers!A:A,Raw_coffee_shipments!B33)=0,"Missing Data","OK") -> OK | D33: =VLOOKUP(B33,Farmers!$A$1:$B$51,2,FALSE) -> Colombia | E33: 2021 | F33: =IF(E33="","Unknown","Provided") -> Provided | G33: 1211.1 | H33: Washed / Wet | I33: Unknown
A34: SHP00033 | B34: F0018 | C34: =IF(COUNTIF(Farmers!A:A,Raw_coffee_shipments!B34)=0,"Missing Data","OK") -> OK | D34: =VLOOKUP(B34,Farmers!$A$1:$B$51,2,FALSE) -> Ethiopia | E34: 2023 | F34: =IF(E34="","Unknown","Provided") -> Provided | G34: 1657.3 | H34: Washed / Wet | I34: Unknown
A35: SHP00034 | B35: F0015 | C35: =IF(COUNTIF(Farmers!A:A,Raw_coffee_shipments!B35)=0,"Missing Data","OK") -> OK | D35: =VLOOKUP(B35,Farmers!$A$1:$B$51,2,FALSE) -> Brazil | E35: 2022 | F35: =IF(E35="","Unknown","Provided") -> Provided | G35: 868.9 | H35: Washed / Wet | I35: Unknown
A36: SHP00035 | B36: F0038 | C36: =IF(COUNTIF(Farmers!A:A,Raw_coffee_shipments!B36)=0,"Missing Data","OK") -> OK | D36: =VLOOKUP(B36,Farmers!$A$1:$B$51,2,FALSE) -> Brazil | E36: 2022 | F36: =IF(E36="","Unknown","Provided") -> Provided | G36: 1403.2 | H36: Natural / Dry | I36: 45092
A37: SHP00036 | B37: F0016 | C37: =IF(COUNTIF(Farmers!A:A,Raw_coffee_shipments!B37)=0,"Missing Data","OK") -> OK | D37: =VLOOKUP(B37,Farmers!$A$1:$B$51,2,FALSE) -> Brazil | E37: 2019 | F37: =IF(E37="","Unknown","Provided") -> Provided | G37: 1949.4 | H37: Honey | I37: 45047
A38: SHP00037 | B38: F0016 | C38: =IF(COUNTIF(Farmers!A:A,Raw_coffee_shipments!B38)=0,"Missing Data","OK") -> OK | D38: =VLOOKUP(B38,Farmers!$A$1:$B$51,2,FALSE) -> Brazil | E38: 2022 | F38: =IF(E38="","Unknown","Provided") -> Provided | G38: 1752.1 | H38: Washed / Wet | I38: 45047
A39: SHP00038 | B39: F0043 | C39: =IF(COUNTIF(Farmers!A:A,Raw_coffee_shipments!B39)=0,"Missing Data","OK") -> OK | D39: =VLOOKUP(B39,Farmers!$A$1:$B$51,2,FALSE) -> Brazil | E39: 2021 | F39: =IF(E39="","Unknown","Provided") -> Provided | G39: 1513.3 | H39: Honey | I39: Unknown
A40: SHP00039 | B40: F0048 | C40: =IF(COUNTIF(Farmers!A:A,Raw_coffee_shipments!B40)=0,"Missing Data","OK") -> OK | D40: =VLOOKUP(B40,Farmers!$A$1:$B$51,2,FALSE) -> Ethiopia | E40: 2019 | F40: =IF(E40="","Unknown","Provided") -> Provided | G40: 156 | H40: Honey | I40: Unknown
A41: SHP00040 | B41: F0021 | C41: =IF(COUNTIF(Farmers!A:A,Raw_coffee_shipments!B41)=0,"Missing Data","OK") -> OK | D41: =VLOOKUP(B41,Farmers!$A$1:$B$51,2,FALSE) -> Ethiopia | E41: 2023 | F41: =IF(E41="","Unknown","Provided") -> Provided | G41: 698.6 | H41: Unknown | I41: 45092
A42: SHP00041 | B42: F0005 | C42: =IF(COUNTIF(Farmers!A:A,Raw_coffee_shipments!B42)=0,"Missing Data","OK") -> OK | D42: =VLOOKUP(B42,Farmers!$A$1:$B$51,2,FALSE) -> Colombia | E42: 2022 | F42: =IF(E42="","Unknown","Provided") -> Provided | G42: 1388.2 | H42: Washed / Wet | I42: 45092
A43: SHP00042 | B43: F0035 | C43: =IF(COUNTIF(Farmers!A:A,Raw_coffee_shipments!B43)=0,"Missing Data","OK") -> OK | D43: =VLOOKUP(B43,Farmers!$A$1:$B$51,2,FALSE) -> Ethiopia | E43: 2020 | F43: =IF(E43="","Unknown","Provided") -> Provided | G43: 825.9 | H43: Washed / Wet | I43: 45092
A44: SHP00043 | B44: F0013 | C44: =IF(COUNTIF(Farmers!A:A,Raw_coffee_shipments!B44)=0,"Missing Data","OK") -> OK | D44: =VLOOKUP(B44,Farmers!$A$1:$B$51,2,FALSE) -> Unknown | E44: 2019 | F44: =IF(E44="","Unknown","Provided") -> Provided | G44: 1418.1 | H44: Honey | I44: 45047
A45: SHP00044 | B45: F0045 | C45: =IF(COUNTIF(Farmers!A:A,Raw_coffee_shipments!B45)=0,"Missing Data","OK") -> OK | D45: =VLOOKUP(B45,Farmers!$A$1:$B$51,2,FALSE) -> Colombia | E45: 2020 | F45: =IF(E45="","Unknown","Provided") -> Provided | G45: 229.8 | H45: Honey | I45: 45092
A46: SHP00045 | B46: F0016 | C46: =IF(COUNTIF(Farmers!A:A,Raw_coffee_shipments!B46)=0,"Missing Data","OK") -> OK | D46: =VLOOKUP(B46,Farmers!$A$1:$B$51,2,FALSE) -> Brazil | E46: 2022 | F46: =IF(E46="","Unknown","Provided") -> Provided | G46: 914.8 | H46: Natural / Dry | I46: Unknown
A47: SHP00046 | B47: F0027 | C47: =IF(COUNTIF(Farmers!A:A,Raw_coffee_shipments!B47)=0,"Missing Data","OK") -> OK | D47: =VLOOKUP(B47,Farmers!$A$1:$B$51,2,FALSE) -> Vietnam | E47: 2022 | F47: =IF(E47="","Unknown","Provided") -> Provided | G47: 1569.8 | H47: Natural / Dry | I47: Unknown
A48: SHP00047 | B48: F0009 | C48: =IF(COUNTIF(Farmers!A:A,Raw_coffee_shipments!B48)=0,"Missing Data","OK") -> OK | D48: =VLOOKUP(B48,Farmers!$A$1:$B$51,2,FALSE) -> Brazil | E48: 2020 | F48: =IF(E48="","Unknown","Provided") -> Provided | G48: 1385.8 | H48: Honey | I48: 45047
A49: SHP00048 | B49: F0025 | C49: =IF(COUNTIF(Farmers!A:A,Raw_coffee_shipments!B49)=0,"Missing Data","OK") -> OK | D49: =VLOOKUP(B49,Farmers!$A$1:$B$51,2,FALSE) -> Colombia | E49: 2022 | F49: =IF(E49="","Unknown","Provided") -> Provided | G49: 638.8 | H49: Unknown | I49: Unknown
A50: SHP00049 | B50: F0030 | C50: =IF(COUNTIF(Farmers!A:A,Raw_coffee_shipments!B50)=0,"Missing Data","OK") -> OK | D50: =VLOOKUP(B50,Farmers!$A$1:$B$51,2,FALSE) -> Ethiopia | E50: 2021 | F50: =IF(E50="","Unknown","Provided") -> Provided | G50: 857.4 | H50: Unknown | I50: Unknown
A51: SHP00050 | B51: F0044 | C51: =IF(COUNTIF(Farmers!A:A,Raw_coffee_shipments!B51)=0,"Missing Data","OK") -> OK | D51: =VLOOKUP(B51,Farmers!$A$1:$B$51,2,FALSE) -> Brazil | E51: 2020 | F51: =IF(E51="","Unknown","Provided") -> Provided | G51: 1434.9 | H51: Washed / Wet | I51: 45047
A52: SHP00051 | B52: F0004 | C52: =IF(COUNTIF(Farmers!A:A,Raw_coffee_shipments!B52)=0,"Missing Data","OK") -> OK | D52: =VLOOKUP(B52,Farmers!$A$1:$B$51,2,FALSE) -> Ethiopia | E52: 2019 | F52: =IF(E52="","Unknown","Provided") -> Provided | G52: 848.1 | H52: Natural / Dry | I52: 45092
A53: SHP00052 | B53: F0022 | C53: =IF(COUNTIF(Farmers!A:A,Raw_coffee_shipments!B53)=0,"Missing Data","OK") -> OK | D53: =VLOOKUP(B53,Farmers!$A$1:$B$51,2,FALSE) -> Ethiopia | E53: Unknown | F53: =IF(E53="","Unknown","Provided") -> Provided | G53: 1221.5 | H53: Natural / Dry | I53: 45047
A54: SHP00053 | B54: F0009 | C54: =IF(COUNTIF(Farmers!A:A,Raw_coffee_shipments!B54)=0,"Missing Data","OK") -> OK | D54: =VLOOKUP(B54,Farmers!$A$1:$B$51,2,FALSE) -> Brazil | E54: 2019 | F54: =IF(E54="","Unknown","Provided") -> Provided | G54: 1052.8 | H54: Washed / Wet | I54: 45092
A55: SHP00054 | B55: F0015 | C55: =IF(COUNTIF(Farmers!A:A,Raw_coffee_shipments!B55)=0,"Missing Data","OK") -> OK | D55: =VLOOKUP(B55,Farmers!$A$1:$B$51,2,FALSE) -> Brazil | E55: 2023 | F55: =IF(E55="","Unknown","Provided") -> Provided | G55: 1948.5 | H55: Washed / Wet | I55: 45092
A56: SHP00055 | B56: F0033 | C56: =IF(COUNTIF(Farmers!A:A,Raw_coffee_shipments!B56)=0,"Missing Data","OK") -> OK | D56: =VLOOKUP(B56,Farmers!$A$1:$B$51,2,FALSE) -> Brazil | E56: 2019 | F56: =IF(E56="","Unknown","Provided") -> Provided | G56: 724.7 | H56: Unknown | I56: Unknown
A57: SHP00056 | B57: F0044 | C57: =IF(COUNTIF(Farmers!A:A,Raw_coffee_shipments!B57)=0,"Missing Data","OK") -> OK | D57: =VLOOKUP(B57,Farmers!$A$1:$B$51,2,FALSE) -> Brazil | E57: 2023 | F57: =IF(E57="","Unknown","Provided") -> Provided | G57: 1369.1 | H57: Natural / Dry | I57: 45047
A58: SHP00057 | B58: F0043 | C58: =IF(COUNTIF(Farmers!A:A,Raw_coffee_shipments!B58)=0,"Missing Data","OK") -> OK | D58: =VLOOKUP(B58,Farmers!$A$1:$B$51,2,FALSE) -> Brazil | E58: 2020 | F58: =IF(E58="","Unknown","Provided") -> Provided | G58: 831.1 | H58: Washed / Wet | I58: 45092
A59: SHP00058 | B59: F0005 | C59: =IF(COUNTIF(Farmers!A:A,Raw_coffee_shipments!B59)=0,"Missing Data","OK") -> OK | D59: =VLOOKUP(B59,Farmers!$A$1:$B$51,2,FALSE) -> Colombia | E59: 2020 | F59: =IF(E59="","Unknown","Provided") -> Provided | G59: 328.5 | H59: Unknown | I59: 45047
A60: SHP00059 | B60: F0035 | C60: =IF(COUNTIF(Farmers!A:A,Raw_coffee_shipments!B60)=0,"Missing Data","OK") -> OK | D60: =VLOOKUP(B60,Farmers!$A$1:$B$51,2,FALSE) -> Ethiopia | E60: 2020 | F60: =IF(E60="","Unknown","Provided") -> Provided | G60: 108.4 | H60: Honey | I60: 45047
A61: SHP00060 | B61: F0012 | C61: =IF(COUNTIF(Farmers!A:A,Raw_coffee_shipments!B61)=0,"Missing Data","OK") -> OK | D61: =VLOOKUP(B61,Farmers!$A$1:$B$51,2,FALSE) -> Ethiopia | E61: Unknown | F61: =IF(E61="","Unknown","Provided") -> Provided | G61: 1611.4 | H61: Honey | I61: Unknown
A62: SHP00061 | B62: F0023 | C62: =IF(COUNTIF(Farmers!A:A,Raw_coffee_shipments!B62)=0,"Missing Data","OK") -> OK | D62: =VLOOKUP(B62,Farmers!$A$1:$B$51,2,FALSE) -> Vietnam | E62: 2022 | F62: =IF(E62="","Unknown","Provided") -> Provided | G62: 877.3 | H62: Natural / Dry | I62: 45047
A63: SHP00062 | B63: F0036 | C63: =IF(COUNTIF(Farmers!A:A,Raw_coffee_shipments!B63)=0,"Missing Data","OK") -> OK | D63: =VLOOKUP(B63,Farmers!$A$1:$B$51,2,FALSE) -> Unknown | E63: 2021 | F63: =IF(E63="","Unknown","Provided") -> Provided | G63: 1315 | H63: Honey | I63: Unknown
A64: SHP00063 | B64: F0023 | C64: =IF(COUNTIF(Farmers!A:A,Raw_coffee_shipments!B64)=0,"Missing Data","OK") -> OK | D64: =VLOOKUP(B64,Farmers!$A$1:$B$51,2,FALSE) -> Vietnam | E64: Unknown | F64: =IF(E64="","Unknown","Provided") -> Provided | G64: 619.3 | H64: Unknown | I64: 45092
A65: SHP00064 | B65: F0035 | C65: =IF(COUNTIF(Farmers!A:A,Raw_coffee_shipments!B65)=0,"Missing Data","OK") -> OK | D65: =VLOOKUP(B65,Farmers!$A$1:$B$51,2,FALSE) -> Ethiopia | E65: 2019 | F65: =IF(E65="","Unknown","Provided") -> Provided | G65: 359.9 | H65: Honey | I65: 45092
A66: SHP00065 | B66: F0010 | C66: =IF(COUNTIF(Farmers!A:A,Raw_coffee_shipments!B66)=0,"Missing Data","OK") -> OK | D66: =VLOOKUP(B66,Farmers!$A$1:$B$51,2,FALSE) -> Colombia | E66: Unknown | F66: =IF(E66="","Unknown","Provided") -> Provided | G66: 659.8 | H66: Natural / Dry | I66: 45047
A67: SHP00066 | B67: F0007 | C67: =IF(COUNTIF(Farmers!A:A,Raw_coffee_shipments!B67)=0,"Missing Data","OK") -> OK | D67: =VLOOKUP(B67,Farmers!$A$1:$B$51,2,FALSE) -> Colombia | E67: 2020 | F67: =IF(E67="","Unknown","Provided") -> Provided | G67: 1900.7 | H67: Natural / Dry | I67: 45047
A68: SHP00067 | B68: F0009 | C68: =IF(COUNTIF(Farmers!A:A,Raw_coffee_shipments!B68)=0,"Missing Data","OK") -> OK | D68: =VLOOKUP(B68,Farmers!$A$1:$B$51,2,FALSE) -> Brazil | E68: 2019 | F68: =IF(E68="","Unknown","Provided") -> Provided | G68: 979.8 | H68: Honey | I68: 45047
A69: SHP00068 | B69: F0032 | C69: =IF(COUNTIF(Farmers!A:A,Raw_coffee_shipments!B69)=0,"Missing Data","OK") -> OK | D69: =VLOOKUP(B69,Farmers!$A$1:$B$51,2,FALSE) -> Brazil | E69: 2020 | F69: =IF(E69="","Unknown","Provided") -> Provided | G69: 534.7 | H69: Washed / Wet | I69: Unknown
A70: SHP00069 | B70: F0037 | C70: =IF(COUNTIF(Farmers!A:A,Raw_coffee_shipments!B70)=0,"Missing Data","OK") -> OK | D70: =VLOOKUP(B70,Farmers!$A$1:$B$51,2,FALSE) -> Ethiopia | E70: Unknown | F70: =IF(E70="","Unknown","Provided") -> Provided | G70: 502.6 | H70: Natural / Dry | I70: 45047
A71: SHP00070 | B71: F0047 | C71: =IF(COUNTIF(Farmers!A:A,Raw_coffee_shipments!B71)=0,"Missing Data","OK") -> OK | D71: =VLOOKUP(B71,Farmers!$A$1:$B$51,2,FALSE) -> Brazil | E71: 2021 | F71: =IF(E71="","Unknown","Provided") -> Provided | G71: 365.2 | H71: Honey | I71: 45092
A72: SHP00071 | B72: F0043 | C72: =IF(COUNTIF(Farmers!A:A,Raw_coffee_shipments!B72)=0,"Missing Data","OK") -> OK | D72: =VLOOKUP(B72,Farmers!$A$1:$B$51,2,FALSE) -> Brazil | E72: 2020 | F72: =IF(E72="","Unknown","Provided") -> Provided | G72: 1562.9 | H72: Washed / Wet | I72: Unknown
A73: SHP00072 | B73: F0035 | C73: =IF(COUNTIF(Farmers!A:A,Raw_coffee_shipments!B73)=0,"Missing Data","OK") -> OK | D73: =VLOOKUP(B73,Farmers!$A$1:$B$51,2,FALSE) -> Ethiopia | E73: 2020 | F73: =IF(E73="","Unknown","Provided") -> Provided | G73: 585.4 | H73: Unknown | I73: 45092
A74: SHP00073 | B74: F0029 | C74: =IF(COUNTIF(Farmers!A:A,Raw_coffee_shipments!B74)=0,"Missing Data","OK") -> OK | D74: =VLOOKUP(B74,Farmers!$A$1:$B$51,2,FALSE) -> Unknown | E74: 2022 | F74: =IF(E74="","Unknown","Provided") -> Provided | G74: 1988.3 | H74: Unknown | I74: 45092
A75: SHP00074 | B75: F0001 | C75: =IF(COUNTIF(Farmers!A:A,Raw_coffee_shipments!B75)=0,"Missing Data","OK") -> OK | D75: =VLOOKUP(B75,Farmers!$A$1:$B$51,2,FALSE) -> Colombia | E75: 2019 | F75: =IF(E75="","Unknown","Provided") -> Provided | G75: 223.7 | H75: Honey | I75: Unknown
A76: SHP00075 | B76: F0028 | C76: =IF(COUNTIF(Farmers!A:A,Raw_coffee_shipments!B76)=0,"Missing Data","OK") -> OK | D76: =VLOOKUP(B76,Farmers!$A$1:$B$51,2,FALSE) -> Brazil | E76: 2020 | F76: =IF(E76="","Unknown","Provided") -> Provided | G76: 460.5 | H76: Honey | I76: Unknown
A77: SHP00076 | B77: F0032 | C77: =IF(COUNTIF(Farmers!A:A,Raw_coffee_shipments!B77)=0,"Missing Data","OK") -> OK | D77: =VLOOKUP(B77,Farmers!$A$1:$B$51,2,FALSE) -> Brazil | E77: 2021 | F77: =IF(E77="","Unknown","Provided") -> Provided | G77: 1059.9 | H77: Unknown | I77: 45047
A78: SHP00077 | B78: F0025 | C78: =IF(COUNTIF(Farmers!A:A,Raw_coffee_shipments!B78)=0,"Missing Data","OK") -> OK | D78: =VLOOKUP(B78,Farmers!$A$1:$B$51,2,FALSE) -> Colombia | E78: 2022 | F78: =IF(E78="","Unknown","Provided") -> Provided | G78: 495.5 | H78: Washed / Wet | I78: 45092
A79: SHP00078 | B79: F0046 | C79: =IF(COUNTIF(Farmers!A:A,Raw_coffee_shipments!B79)=0,"Missing Data","OK") -> OK | D79: =VLOOKUP(B79,Farmers!$A$1:$B$51,2,FALSE) -> Brazil | E79: Unknown | F79: =IF(E79="","Unknown","Provided") -> Provided | G79: 1557.6 | H79: Unknown | I79: 45047
A80: SHP00079 | B80: F0025 | C80: =IF(COUNTIF(Farmers!A:A,Raw_coffee_shipments!B80)=0,"Missing Data","OK") -> OK | D80: =VLOOKUP(B80,Farmers!$A$1:$B$51,2,FALSE) -> Colombia | E80: 2019 | F80: =IF(E80="","Unknown","Provided") -> Provided | G80: 342.3 | H80: Natural / Dry | I80: 45047
A81: SHP00080 | B81: F0048 | C81: =IF(COUNTIF(Farmers!A:A,Raw_coffee_shipments!B81)=0,"Missing Data","OK") -> OK | D81: =VLOOKUP(B81,Farmers!$A$1:$B$51,2,FALSE) -> Ethiopia | E81: 2019 | F81: =IF(E81="","Unknown","Provided") -> Provided | G81: 1102.3 | H81: Natural / Dry | I81: 45047
A82: SHP00081 | B82: F0003 | C82: =IF(COUNTIF(Farmers!A:A,Raw_coffee_shipments!B82)=0,"Missing Data","OK") -> OK | D82: =VLOOKUP(B82,Farmers!$A$1:$B$51,2,FALSE) -> Colombia | E82: 2020 | F82: =IF(E82="","Unknown","Provided") -> Provided | G82: 226.9 | H82: Honey | I82: 45092
A83: SHP00082 | B83: F0044 | C83: =IF(COUNTIF(Farmers!A:A,Raw_coffee_shipments!B83)=0,"Missing Data","OK") -> OK | D83: =VLOOKUP(B83,Farmers!$A$1:$B$51,2,FALSE) -> Brazil | E83: 2022 | F83: =IF(E83="","Unknown","Provided") -> Provided | G83: 145.8 | H83: Unknown | I83: 45092
A84: SHP00083 | B84: F0011 | C84: =IF(COUNTIF(Farmers!A:A,Raw_coffee_shipments!B84)=0,"Missing Data","OK") -> OK | D84: =VLOOKUP(B84,Farmers!$A$1:$B$51,2,FALSE) -> Vietnam | E84: 2022 | F84: =IF(E84="","Unknown","Provided") -> Provided | G84: 1322.4 | H84: Unknown | I84: Unknown
A85: SHP00084 | B85: F0048 | C85: =IF(COUNTIF(Farmers!A:A,Raw_coffee_shipments!B85)=0,"Missing Data","OK") -> OK | D85: =VLOOKUP(B85,Farmers!$A$1:$B$51,2,FALSE) -> Ethiopia | E85: 2022 | F85: =IF(E85="","Unknown","Provided") -> Provided | G85: 1705.2 | H85: Washed / Wet | I85: 45047
A86: SHP00085 | B86: F0044 | C86: =IF(COUNTIF(Farmers!A:A,Raw_coffee_shipments!B86)=0,"Missing Data","OK") -> OK | D86: =VLOOKUP(B86,Farmers!$A$1:$B$51,2,FALSE) -> Brazil | E86: 2023 | F86: =IF(E86="","Unknown","Provided") -> Provided | G86: 1209.4 | H86: Natural / Dry | I86: 45047
A87: SHP00086 | B87: F0010 | C87: =IF(COUNTIF(Farmers!A:A,Raw_coffee_shipments!B87)=0,"Missing Data","OK") -> OK | D87: =VLOOKUP(B87,Farmers!$A$1:$B$51,2,FALSE) -> Colombia | E87: 2023 | F87: =IF(E87="","Unknown","Provided") -> Provided | G87: 360.5 | H87: Honey | I87: 45047
A88: SHP00087 | B88: F0026 | C88: =IF(COUNTIF(Farmers!A:A,Raw_coffee_shipments!B88)=0,"Missing Data","OK") -> OK | D88: =VLOOKUP(B88,Farmers!$A$1:$B$51,2,FALSE) -> Colombia | E88: 2023 | F88: =IF(E88="","Unknown","Provided") -> Provided | G88: 1077.6 | H88: Natural / Dry | I88: Unknown
A89: SHP00088 | B89: F0028 | C89: =IF(COUNTIF(Farmers!A:A,Raw_coffee_shipments!B89)=0,"Missing Data","OK") -> OK | D89: =VLOOKUP(B89,Farmers!$A$1:$B$51,2,FALSE) -> Brazil | E89: 2022 | F89: =IF(E89="","Unknown","Provided") -> Provided | G89: 596.6 | H89: Honey | I89: 45047
A90: SHP00089 | B90: F0008 | C90: =IF(COUNTIF(Farmers!A:A,Raw_coffee_shipments!B90)=0,"Missing Data","OK") -> OK | D90: =VLOOKUP(B90,Farmers!$A$1:$B$51,2,FALSE) -> Colombia | E90: 2021 | F90: =IF(E90="","Unknown","Provided") -> Provided | G90: 1658.3 | H90: Honey | I90: 45092
A91: SHP00090 | B91: F0003 | C91: =IF(COUNTIF(Farmers!A:A,Raw_coffee_shipments!B91)=0,"Missing Data","OK") -> OK | D91: =VLOOKUP(B91,Farmers!$A$1:$B$51,2,FALSE) -> Colombia | E91: 2020 | F91: =IF(E91="","Unknown","Provided") -> Provided | G91: 274.2 | H91: Washed / Wet | I91: 45047
A92: SHP00091 | B92: F0027 | C92: =IF(COUNTIF(Farmers!A:A,Raw_coffee_shipments!B92)=0,"Missing Data","OK") -> OK | D92: =VLOOKUP(B92,Farmers!$A$1:$B$51,2,FALSE) -> Vietnam | E92: 2021 | F92: =IF(E92="","Unknown","Provided") -> Provided | G92: 1532.5 | H92: Washed / Wet | I92: Unknown
A93: SHP00092 | B93: F0022 | C93: =IF(COUNTIF(Farmers!A:A,Raw_coffee_shipments!B93)=0,"Missing Data","OK") -> OK | D93: =VLOOKUP(B93,Farmers!$A$1:$B$51,2,FALSE) -> Ethiopia | E93: 2022 | F93: =IF(E93="","Unknown","Provided") -> Provided | G93: 988.1 | H93: Washed / Wet | I93: Unknown
A94: SHP00093 | B94: F0015 | C94: =IF(COUNTIF(Farmers!A:A,Raw_coffee_shipments!B94)=0,"Missing Data","OK") -> OK | D94: =VLOOKUP(B94,Farmers!$A$1:$B$51,2,FALSE) -> Brazil | E94: Unknown | F94: =IF(E94="","Unknown","Provided") -> Provided | G94: 1841.6 | H94: Natural / Dry | I94: Unknown
A95: SHP00094 | B95: F0047 | C95: =IF(COUNTIF(Farmers!A:A,Raw_coffee_shipments!B95)=0,"Missing Data","OK") -> OK | D95: =VLOOKUP(B95,Farmers!$A$1:$B$51,2,FALSE) -> Brazil | E95: 2020 | F95: =IF(E95="","Unknown","Provided") -> Provided | G95: 536.1 | H95: Natural / Dry | I95: Unknown
A96: SHP00095 | B96: F0037 | C96: =IF(COUNTIF(Farmers!A:A,Raw_coffee_shipments!B96)=0,"Missing Data","OK") -> OK | D96: =VLOOKUP(B96,Farmers!$A$1:$B$51,2,FALSE) -> Ethiopia | E96: 2021 | F96: =IF(E96="","Unknown","Provided") -> Provided | G96: 899.4 | H96: Honey | I96: 45047
A97: SHP00096 | B97: F0049 | C97: =IF(COUNTIF(Farmers!A:A,Raw_coffee_shipments!B97)=0,"Missing Data","OK") -> OK | D97: =VLOOKUP(B97,Farmers!$A$1:$B$51,2,FALSE) -> Brazil | E97: Unknown | F97: =IF(E97="","Unknown","Provided") -> Provided | G97: 1576.4 | H97: Unknown | I97: 45047
A98: SHP00097 | B98: F0034 | C98: =IF(COUNTIF(Farmers!A:A,Raw_coffee_shipments!B98)=0,"Missing Data","OK") -> OK | D98: =VLOOKUP(B98,Farmers!$A$1:$B$51,2,FALSE) -> Vietnam | E98: 2021 | F98: =IF(E98="","Unknown","Provided") -> Provided | G98: 1263.2 | H98: Washed / Wet | I98: 45047
A99: SHP00098 | B99: F0048 | C99: =IF(COUNTIF(Farmers!A:A,Raw_coffee_shipments!B99)=0,"Missing Data","OK") -> OK | D99: =VLOOKUP(B99,Farmers!$A$1:$B$51,2,FALSE) -> Ethiopia | E99: Unknown | F99: =IF(E99="","Unknown","Provided") -> Provided | G99: 336.4 | H99: Unknown | I99: Unknown
A100: SHP00099 | B100: F0005 | C100: =IF(COUNTIF(Farmers!A:A,Raw_coffee_shipments!B100)=0,"Missing Data","OK") -> OK | D100: =VLOOKUP(B100,Farmers!$A$1:$B$51,2,FALSE) -> Colombia | E100: 2021 | F100: =IF(E100="","Unknown","Provided") -> Provided | G100: 1924.4 | H100: Natural / Dry | I100: 45047
...

Sheet No. Shipment based on P.Method
A3: Row Labels | B3: Count of Shipment_ID
A4: Honey | B4: 28
A5: Natural / Dry | B5: 25
A6: Unknown | B6: 25
A7: Washed / Wet | B7: 22
A8: Grand Total | B8: 100

Sheet Farmers
A1: Farmer_ID | B1: Country | C1: Continent | D1: Latitude | E1: Longitude
A2: F0001 | B2: Colombia | C2: South America | D2: -9.319776 | E2: 105.87757
A3: F0002 | B3: Colombia | C3: South America | D3: -6.298726 | E3: 103.28637
A4: F0003 | B4: Colombia | C4: South America | D4: -13.685096 | E4: 100.03392
A5: F0004 | B5: Ethiopia | C5: Africa | D5: 14.280539 | E5: 104.84828
A6: F0005 | B6: Colombia | C6: South America | D6: -2.524555 | E6: 105.19296
A7: F0006 | B7: Colombia | C7: South America | D7: -5.442954 | E7: 102.78958
A8: F0007 | B8: Colombia | C8: South America | D8: -1.226736 | E8: 97.493773
A9: F0008 | B9: Colombia | C9: South America | D9: -13.910317 | E9: 103.72147
A10: F0009 | B10: Brazil | C10: South America | D10: -7.198711 | E10: 96.2785
A11: F0010 | B11: Colombia | C11: South America | D11: -3.094089 | E11: 105.71316
A12: F0011 | B12: Vietnam | C12: Asia | D12: -3.02848 | E12: 104.2462
A13: F0012 | B13: Ethiopia | C13: Africa | D13: -11.799672 | E13: 99.78467
... A51: F0050 | B51: Brazil | C51: South America | D51: 5.418049 | E51: 101.7652
